DriverNumber,BroadcastName,Abbreviation,DriverId,TeamName,TeamColor,TeamId,FirstName,LastName,FullName,HeadshotUrl,CountryCode,Position,ClassifiedPosition,GridPosition,Q1,Q2,Q3,Time,Status,Points
5,S VETTEL,VET,,Ferrari,dc0000,,Sebastian,Vettel,Sebastian Vettel,https://www.formula1.com/content/dam/fom-website/drivers/S/SEBVET01_Sebastian_Vettel/sebvet01.png,,,,,,,,,,
44,L HAMILTON,HAM,,Mercedes,00d2be,,Lewis,Hamilton,Lewis Hamilton,https://www.formula1.com/content/dam/fom-website/drivers/L/LEWHAM01_Lewis_Hamilton/lewham01.png,,,,,,,,,,
16,C LECLERC,LEC,,Ferrari,dc0000,,Charles,Leclerc,Charles Leclerc,https://www.formula1.com/content/dam/fom-website/drivers/C/CHALEC01_Charles_Leclerc/chalec01.png,,,,,,,,,,
3,D RICCIARDO,RIC,,Renault,fff500,,Daniel,Ricciardo,Daniel Ricciardo,https://www.formula1.com/content/dam/fom-website/drivers/D/DANRIC01_Daniel_Ricciardo/danric01.png,,,,,,,,,,
10,P GASLY,GAS,,Red Bull Racing,1e41ff,,Pierre,Gasly,Pierre Gasly,https://www.formula1.com/content/dam/fom-website/drivers/P/PIEGAS01_Pierre_Gasly/piegas01.png,,,,,,,,,,
77,V BOTTAS,BOT,,Mercedes,00d2be,,Valtteri,Bottas,Valtteri Bottas,https://www.formula1.com/content/dam/fom-website/drivers/V/VALBOT01_Valtteri_Bottas/valbot01.png,,,,,,,,,,
27,N HULKENBERG,HUL,,Renault,fff500,,Nico,Hulkenberg,Nico Hulkenberg,https://www.formula1.com/content/dam/fom-website/drivers/N/NICHUL01_Nico_Hulkenberg/nichul01.png,,,,,,,,,,
4,L NORRIS,NOR,,McLaren,ff8700,,Lando,Norris,Lando Norris,https://www.formula1.com/content/dam/fom-website/drivers/L/LANNOR01_Lando_Norris/lannor01.png,,,,,,,,,,
33,M VERSTAPPEN,VER,,Red Bull Racing,1e41ff,,Max,Verstappen,Max Verstappen,https://www.formula1.com/content/dam/fom-website/drivers/M/MAXVER01_Max_Verstappen/maxver01.png,,,,,,,,,,
26,D KVYAT,KVY,,Toro Rosso,469bff,,Daniil,Kvyat,Daniil Kvyat,https://www.formula1.com/content/dam/fom-website/drivers/D/DANKVY01_Daniil_Kvyat/dankvy01.png,,,,,,,,,,
55,C SAINZ,SAI,,McLaren,ff8700,,Carlos,Sainz,Carlos Sainz,https://www.formula1.com/content/dam/fom-website/drivers/C/CARSAI01_Carlos_Sainz/carsai01.png,,,,,,,,,,
99,A GIOVINAZZI,GIO,,Alfa Romeo Racing,9b0000,,Antonio,Giovinazzi,Antonio Giovinazzi,https://www.formula1.com/content/dam/fom-website/drivers/A/ANTGIO01_Antonio_Giovinazzi/antgio01.png,,,,,,,,,,
23,A ALBON,ALB,,Toro Rosso,469bff,,Alexander,Albon,Alexander Albon,https://www.formula1.com/content/dam/fom-website/drivers/A/ALEALB01_Alexander_Albon/alealb01.png,,,,,,,,,,
8,R GROSJEAN,GRO,,Haas F1 Team,bd9e57,,Romain,Grosjean,Romain Grosjean,https://www.formula1.com/content/dam/fom-website/drivers/R/ROMGRO01_Romain_Grosjean/romgro01.png,,,,,,,,,,
11,S PEREZ,PER,,Racing Point,f596c8,,Sergio,Perez,Sergio Perez,https://www.formula1.com/content/dam/fom-website/drivers/S/SERPER01_Sergio_Perez/serper01.png,,,,,,,,,,
7,K RAIKKONEN,RAI,,Alfa Romeo Racing,9b0000,,Kimi,Räikkönen,Kimi Räikkönen,https://www.formula1.com/content/dam/fom-website/drivers/K/KIMRAI01_Kimi_R%C3%A4ikk%C3%B6nen/kimrai01.png,,,,,,,,,,
18,L STROLL,STR,,Racing Point,f596c8,,Lance,Stroll,Lance Stroll,https://www.formula1.com/content/dam/fom-website/drivers/L/LANSTR01_Lance_Stroll/lanstr01.png,,,,,,,,,,
63,G RUSSELL,RUS,,Williams,ffffff,,George,Russell,George Russell,https://www.formula1.com/content/dam/fom-website/drivers/G/GEORUS01_George_Russell/georus01.png,,,,,,,,,,
88,R KUBICA,KUB,,Williams,ffffff,,Robert,Kubica,Robert Kubica,https://www.formula1.com/content/dam/fom-website/drivers/R/ROBKUB01_Robert_Kubica/robkub01.png,,,,,,,,,,
20,K MAGNUSSEN,MAG,,Haas F1 Team,bd9e57,,Kevin,Magnussen,Kevin Magnussen,https://www.formula1.com/content/dam/fom-website/drivers/K/KEVMAG01_Kevin_Magnussen/kevmag01.png,,,,,,,,,,
